[
{
  "model": "auth.group",
  "fields": {
    "name": "managers",
    "permissions": [
      [
        "view_logentry",
        "admin",
        "logentry"
      ],
      [
        "view_group",
        "auth",
        "group"
      ],
      [
        "view_permission",
        "auth",
        "permission"
      ],
      [
        "view_user",
        "auth",
        "user"
      ],
      [
        "add_process",
        "iris",
        "process"
      ],
      [
        "change_process",
        "iris",
        "process"
      ],
      [
        "delete_process",
        "iris",
        "process"
      ],
      [
        "view_process",
        "iris",
        "process"
      ],
      [
        "add_processspawnedsteps",
        "iris",
        "processspawnedsteps"
      ],
      [
        "change_processspawnedsteps",
        "iris",
        "processspawnedsteps"
      ],
      [
        "delete_processspawnedsteps",
        "iris",
        "processspawnedsteps"
      ],
      [
        "view_processspawnedsteps",
        "iris",
        "processspawnedsteps"
      ],
      [
        "add_commit",
        "iris",
        "commit"
      ],
      [
        "change_commit",
        "iris",
        "commit"
      ],
      [
        "delete_commit",
        "iris",
        "commit"
      ],
      [
        "view_commit",
        "iris",
        "commit"
      ],
      [
        "add_delay",
        "iris",
        "delay"
      ],
      [
        "change_delay",
        "iris",
        "delay"
      ],
      [
        "delete_delay",
        "iris",
        "delay"
      ],
      [
        "view_delay",
        "iris",
        "delay"
      ],
      [
        "add_task",
        "iris",
        "task"
      ],
      [
        "change_task",
        "iris",
        "task"
      ],
      [
        "delete_task",
        "iris",
        "task"
      ],
      [
        "view_task",
        "iris",
        "task"
      ],
      [
        "add_notetemplate",
        "iris",
        "notetemplate"
      ],
      [
        "change_notetemplate",
        "iris",
        "notetemplate"
      ],
      [
        "delete_notetemplate",
        "iris",
        "notetemplate"
      ],
      [
        "view_notetemplate",
        "iris",
        "notetemplate"
      ],
      [
        "add_station",
        "iris",
        "station"
      ],
      [
        "change_station",
        "iris",
        "station"
      ],
      [
        "delete_station",
        "iris",
        "station"
      ],
      [
        "view_station",
        "iris",
        "station"
      ],
      [
        "add_suspension",
        "iris",
        "suspension"
      ],
      [
        "change_suspension",
        "iris",
        "suspension"
      ],
      [
        "delete_suspension",
        "iris",
        "suspension"
      ],
      [
        "view_suspension",
        "iris",
        "suspension"
      ],
      [
        "add_step",
        "iris",
        "step"
      ],
      [
        "change_step",
        "iris",
        "step"
      ],
      [
        "delete_step",
        "iris",
        "step"
      ],
      [
        "view_step",
        "iris",
        "step"
      ],
      [
        "add_stepconsolidation",
        "iris",
        "stepconsolidation"
      ],
      [
        "change_stepconsolidation",
        "iris",
        "stepconsolidation"
      ],
      [
        "delete_stepconsolidation",
        "iris",
        "stepconsolidation"
      ],
      [
        "view_stepconsolidation",
        "iris",
        "stepconsolidation"
      ],
      [
        "add_stepconsolidationclosingsteps",
        "iris",
        "stepconsolidationclosingsteps"
      ],
      [
        "change_stepconsolidationclosingsteps",
        "iris",
        "stepconsolidationclosingsteps"
      ],
      [
        "delete_stepconsolidationclosingsteps",
        "iris",
        "stepconsolidationclosingsteps"
      ],
      [
        "view_stepconsolidationclosingsteps",
        "iris",
        "stepconsolidationclosingsteps"
      ],
      [
        "add_stepconsolidationspawnedsteps",
        "iris",
        "stepconsolidationspawnedsteps"
      ],
      [
        "change_stepconsolidationspawnedsteps",
        "iris",
        "stepconsolidationspawnedsteps"
      ],
      [
        "delete_stepconsolidationspawnedsteps",
        "iris",
        "stepconsolidationspawnedsteps"
      ],
      [
        "view_stepconsolidationspawnedsteps",
        "iris",
        "stepconsolidationspawnedsteps"
      ],
      [
        "add_stepspawn",
        "iris",
        "stepspawn"
      ],
      [
        "change_stepspawn",
        "iris",
        "stepspawn"
      ],
      [
        "delete_stepspawn",
        "iris",
        "stepspawn"
      ],
      [
        "view_stepspawn",
        "iris",
        "stepspawn"
      ],
      [
        "add_stepspawnspawnedsteps",
        "iris",
        "stepspawnspawnedsteps"
      ],
      [
        "change_stepspawnspawnedsteps",
        "iris",
        "stepspawnspawnedsteps"
      ],
      [
        "delete_stepspawnspawnedsteps",
        "iris",
        "stepspawnspawnedsteps"
      ],
      [
        "view_stepspawnspawnedsteps",
        "iris",
        "stepspawnspawnedsteps"
      ],
      [
        "add_item",
        "iris",
        "item"
      ],
      [
        "change_item",
        "iris",
        "item"
      ],
      [
        "delete_item",
        "iris",
        "item"
      ],
      [
        "view_item",
        "iris",
        "item"
      ],
      [
        "add_worker",
        "iris",
        "worker"
      ],
      [
        "change_worker",
        "iris",
        "worker"
      ],
      [
        "delete_worker",
        "iris",
        "worker"
      ],
      [
        "view_worker",
        "iris",
        "worker"
      ],
      [
        "view_session",
        "sessions",
        "session"
      ]
    ]
  }
},
{
  "model": "auth.group",
  "fields": {
    "name": "workers",
    "permissions": [
      [
        "add_commit",
        "iris",
        "commit"
      ],
      [
        "view_commit",
        "iris",
        "commit"
      ],
      [
        "add_delay",
        "iris",
        "delay"
      ],
      [
        "change_delay",
        "iris",
        "delay"
      ],
      [
        "view_delay",
        "iris",
        "delay"
      ],
      [
        "view_task",
        "iris",
        "task"
      ],
      [
        "view_notetemplate",
        "iris",
        "notetemplate"
      ],
      [
        "view_station",
        "iris",
        "station"
      ],
      [
        "add_suspension",
        "iris",
        "suspension"
      ],
      [
        "change_suspension",
        "iris",
        "suspension"
      ],
      [
        "view_suspension",
        "iris",
        "suspension"
      ],
      [
        "view_item",
        "iris",
        "item"
      ]
    ]
  }
},
{
  "model": "iris.item",
  "pk": 1,
  "fields": {
    "created": "2023-02-09T11:34:01.964Z",
    "modified": "2023-02-09T11:34:01.964Z",
    "cancel_time": null,
    "cancel_reason": "",
    "notes": "alpha",
    "process": 1,
    "description": "alpha desc",
    "quantity": 1,
    "has_priority": false
  }
},
{
  "model": "iris.item",
  "pk": 2,
  "fields": {
    "created": "2023-02-09T11:34:15.281Z",
    "modified": "2023-02-09T11:34:15.281Z",
    "cancel_time": null,
    "cancel_reason": "",
    "notes": "beta",
    "process": 1,
    "description": "beta desc",
    "quantity": 2,
    "has_priority": false
  }
},
{
  "model": "iris.item",
  "pk": 3,
  "fields": {
    "created": "2023-02-09T11:38:25.448Z",
    "modified": "2023-02-09T11:38:25.448Z",
    "cancel_time": null,
    "cancel_reason": "",
    "notes": "zeta",
    "process": 2,
    "description": "zeta desc",
    "quantity": 1,
    "has_priority": false
  }
},
{
  "model": "iris.item",
  "pk": 4,
  "fields": {
    "created": "2023-02-09T11:38:39.901Z",
    "modified": "2023-02-09T11:38:39.901Z",
    "cancel_time": null,
    "cancel_reason": "",
    "notes": "omega",
    "process": 2,
    "description": "omega desc",
    "quantity": 1,
    "has_priority": false
  }
},
{
  "model": "iris.item",
  "pk": 5,
  "fields": {
    "created": "2023-02-09T11:41:50.592Z",
    "modified": "2023-02-09T11:41:50.592Z",
    "cancel_time": null,
    "cancel_reason": "",
    "notes": "gamma",
    "process": 1,
    "description": "gamma desc",
    "quantity": 1,
    "has_priority": false
  }
},
{
  "model": "iris.item",
  "pk": 6,
  "fields": {
    "created": "2023-02-09T11:42:49.915Z",
    "modified": "2023-02-09T11:43:14.508Z",
    "cancel_time": null,
    "cancel_reason": "",
    "notes": "lamda",
    "process": 2,
    "description": "",
    "quantity": 3,
    "has_priority": false
  }
},
{
  "model": "iris.process",
  "pk": 1,
  "fields": {
    "name": "A"
  }
},
{
  "model": "iris.process",
  "pk": 2,
  "fields": {
    "name": "B"
  }
},
{
  "model": "iris.processspawnedsteps",
  "pk": 1,
  "fields": {
    "process": 1,
    "step": 1
  }
},
{
  "model": "iris.processspawnedsteps",
  "pk": 2,
  "fields": {
    "process": 1,
    "step": 4
  }
},
{
  "model": "iris.processspawnedsteps",
  "pk": 3,
  "fields": {
    "process": 2,
    "step": 6
  }
},
{
  "model": "iris.processspawnedsteps",
  "pk": 4,
  "fields": {
    "process": 2,
    "step": 4
  }
},
{
  "model": "iris.step",
  "pk": 1,
  "fields": {
    "name": "1",
    "instructions": "step 1",
    "stations": [
      1
    ]
  }
},
{
  "model": "iris.step",
  "pk": 2,
  "fields": {
    "name": "2",
    "instructions": "step 2",
    "stations": [
      1
    ]
  }
},
{
  "model": "iris.step",
  "pk": 3,
  "fields": {
    "name": "3",
    "instructions": "step 3",
    "stations": [
      1
    ]
  }
},
{
  "model": "iris.step",
  "pk": 4,
  "fields": {
    "name": "4",
    "instructions": "step 4",
    "stations": [
      2
    ]
  }
},
{
  "model": "iris.step",
  "pk": 5,
  "fields": {
    "name": "5",
    "instructions": "step 5",
    "stations": [
      1
    ]
  }
},
{
  "model": "iris.step",
  "pk": 6,
  "fields": {
    "name": "6",
    "instructions": "step 6",
    "stations": [
      1
    ]
  }
},
{
  "model": "iris.step",
  "pk": 7,
  "fields": {
    "name": "7",
    "instructions": "step 7",
    "stations": [
      3
    ]
  }
},
{
  "model": "iris.step",
  "pk": 8,
  "fields": {
    "name": "8",
    "instructions": "step 8",
    "stations": [
      4
    ]
  }
},
{
  "model": "iris.step",
  "pk": 9,
  "fields": {
    "name": "9",
    "instructions": "step 9",
    "stations": [
      1
    ]
  }
},
{
  "model": "iris.task",
  "pk": 1,
  "fields": {
    "created": "2023-02-09T11:34:32.139Z",
    "modified": "2023-02-09T11:34:32.139Z",
    "step": 1,
    "item": 2
  }
},
{
  "model": "iris.task",
  "pk": 2,
  "fields": {
    "created": "2023-02-09T11:34:32.139Z",
    "modified": "2023-02-09T11:34:32.139Z",
    "step": 4,
    "item": 2
  }
},
{
  "model": "iris.task",
  "pk": 3,
  "fields": {
    "created": "2023-02-09T11:34:32.140Z",
    "modified": "2023-02-09T11:34:32.140Z",
    "step": 1,
    "item": 1
  }
},
{
  "model": "iris.task",
  "pk": 4,
  "fields": {
    "created": "2023-02-09T11:34:32.141Z",
    "modified": "2023-02-09T11:34:32.141Z",
    "step": 4,
    "item": 1
  }
},
{
  "model": "iris.task",
  "pk": 5,
  "fields": {
    "created": "2023-02-09T11:35:15.222Z",
    "modified": "2023-02-09T11:35:15.222Z",
    "step": 2,
    "item": 1
  }
},
{
  "model": "iris.task",
  "pk": 6,
  "fields": {
    "created": "2023-02-09T11:35:26.704Z",
    "modified": "2023-02-09T11:35:26.704Z",
    "step": 3,
    "item": 1
  }
},
{
  "model": "iris.task",
  "pk": 7,
  "fields": {
    "created": "2023-02-09T11:36:58.796Z",
    "modified": "2023-02-09T11:36:58.796Z",
    "step": 2,
    "item": 2
  }
},
{
  "model": "iris.task",
  "pk": 8,
  "fields": {
    "created": "2023-02-09T11:37:03.004Z",
    "modified": "2023-02-09T11:37:03.004Z",
    "step": 3,
    "item": 2
  }
},
{
  "model": "iris.task",
  "pk": 9,
  "fields": {
    "created": "2023-02-09T11:37:48.436Z",
    "modified": "2023-02-09T11:37:48.436Z",
    "step": 5,
    "item": 2
  }
},
{
  "model": "iris.task",
  "pk": 10,
  "fields": {
    "created": "2023-02-09T11:38:50.917Z",
    "modified": "2023-02-09T11:38:50.917Z",
    "step": 4,
    "item": 4
  }
},
{
  "model": "iris.task",
  "pk": 11,
  "fields": {
    "created": "2023-02-09T11:38:50.918Z",
    "modified": "2023-02-09T11:38:50.918Z",
    "step": 6,
    "item": 4
  }
},
{
  "model": "iris.task",
  "pk": 12,
  "fields": {
    "created": "2023-02-09T11:38:50.919Z",
    "modified": "2023-02-09T11:38:50.919Z",
    "step": 4,
    "item": 3
  }
},
{
  "model": "iris.task",
  "pk": 13,
  "fields": {
    "created": "2023-02-09T11:38:50.919Z",
    "modified": "2023-02-09T11:38:50.919Z",
    "step": 6,
    "item": 3
  }
},
{
  "model": "iris.task",
  "pk": 14,
  "fields": {
    "created": "2023-02-09T11:39:13.518Z",
    "modified": "2023-02-09T11:39:13.518Z",
    "step": 7,
    "item": 4
  }
},
{
  "model": "iris.task",
  "pk": 15,
  "fields": {
    "created": "2023-02-09T11:39:13.524Z",
    "modified": "2023-02-09T11:39:13.524Z",
    "step": 8,
    "item": 4
  }
},
{
  "model": "iris.task",
  "pk": 16,
  "fields": {
    "created": "2023-02-09T11:39:18.459Z",
    "modified": "2023-02-09T11:39:18.459Z",
    "step": 7,
    "item": 3
  }
},
{
  "model": "iris.task",
  "pk": 17,
  "fields": {
    "created": "2023-02-09T11:39:18.465Z",
    "modified": "2023-02-09T11:39:18.465Z",
    "step": 8,
    "item": 3
  }
},
{
  "model": "iris.task",
  "pk": 18,
  "fields": {
    "created": "2023-02-09T11:41:57.416Z",
    "modified": "2023-02-09T11:41:57.416Z",
    "step": 1,
    "item": 5
  }
},
{
  "model": "iris.task",
  "pk": 19,
  "fields": {
    "created": "2023-02-09T11:41:57.417Z",
    "modified": "2023-02-09T11:41:57.417Z",
    "step": 4,
    "item": 5
  }
},
{
  "model": "iris.task",
  "pk": 20,
  "fields": {
    "created": "2023-02-09T11:42:12.420Z",
    "modified": "2023-02-09T11:42:12.420Z",
    "step": 2,
    "item": 5
  }
},
{
  "model": "iris.task",
  "pk": 21,
  "fields": {
    "created": "2023-02-09T11:42:14.637Z",
    "modified": "2023-02-09T11:42:14.637Z",
    "step": 3,
    "item": 5
  }
},
{
  "model": "iris.task",
  "pk": 22,
  "fields": {
    "created": "2023-02-09T11:42:16.597Z",
    "modified": "2023-02-09T11:42:16.597Z",
    "step": 5,
    "item": 5
  }
},
{
  "model": "iris.task",
  "pk": 23,
  "fields": {
    "created": "2023-02-09T11:43:19.316Z",
    "modified": "2023-02-09T11:43:19.316Z",
    "step": 4,
    "item": 6
  }
},
{
  "model": "iris.task",
  "pk": 24,
  "fields": {
    "created": "2023-02-09T11:43:19.317Z",
    "modified": "2023-02-09T11:43:19.317Z",
    "step": 6,
    "item": 6
  }
},
{
  "model": "iris.task",
  "pk": 25,
  "fields": {
    "created": "2023-02-09T11:43:56.428Z",
    "modified": "2023-02-09T11:43:56.428Z",
    "step": 7,
    "item": 6
  }
},
{
  "model": "iris.task",
  "pk": 26,
  "fields": {
    "created": "2023-02-09T11:43:56.434Z",
    "modified": "2023-02-09T11:43:56.434Z",
    "step": 8,
    "item": 6
  }
},
{
  "model": "iris.task",
  "pk": 27,
  "fields": {
    "created": "2023-02-09T11:44:11.022Z",
    "modified": "2023-02-09T11:44:11.022Z",
    "step": 9,
    "item": 6
  }
},
{
  "model": "iris.stepspawn",
  "pk": 1,
  "fields": {
    "closing_step": 1
  }
},
{
  "model": "iris.stepspawn",
  "pk": 2,
  "fields": {
    "closing_step": 2
  }
},
{
  "model": "iris.stepspawn",
  "pk": 3,
  "fields": {
    "closing_step": 6
  }
},
{
  "model": "iris.stepspawnspawnedsteps",
  "pk": 1,
  "fields": {
    "step_spawn": 1,
    "step": 2
  }
},
{
  "model": "iris.stepspawnspawnedsteps",
  "pk": 2,
  "fields": {
    "step_spawn": 2,
    "step": 3
  }
},
{
  "model": "iris.stepspawnspawnedsteps",
  "pk": 3,
  "fields": {
    "step_spawn": 3,
    "step": 7
  }
},
{
  "model": "iris.stepspawnspawnedsteps",
  "pk": 4,
  "fields": {
    "step_spawn": 3,
    "step": 8
  }
},
{
  "model": "iris.stepconsolidation",
  "pk": 1,
  "fields": {}
},
{
  "model": "iris.stepconsolidation",
  "pk": 2,
  "fields": {}
},
{
  "model": "iris.stepconsolidationclosingsteps",
  "pk": 1,
  "fields": {
    "step_consolidation": 1,
    "step": 3
  }
},
{
  "model": "iris.stepconsolidationclosingsteps",
  "pk": 2,
  "fields": {
    "step_consolidation": 1,
    "step": 4
  }
},
{
  "model": "iris.stepconsolidationclosingsteps",
  "pk": 3,
  "fields": {
    "step_consolidation": 2,
    "step": 7
  }
},
{
  "model": "iris.stepconsolidationclosingsteps",
  "pk": 4,
  "fields": {
    "step_consolidation": 2,
    "step": 8
  }
},
{
  "model": "iris.stepconsolidationclosingsteps",
  "pk": 5,
  "fields": {
    "step_consolidation": 2,
    "step": 4
  }
},
{
  "model": "iris.stepconsolidationspawnedsteps",
  "pk": 1,
  "fields": {
    "step_consolidation": 1,
    "step": 5
  }
},
{
  "model": "iris.stepconsolidationspawnedsteps",
  "pk": 2,
  "fields": {
    "step_consolidation": 2,
    "step": 9
  }
},
{
  "model": "iris.commit",
  "pk": 1,
  "fields": {
    "created": "2023-02-09T11:35:15.216Z",
    "modified": "2023-02-09T11:35:15.216Z",
    "notes": "",
    "task": 3,
    "worker": 1
  }
},
{
  "model": "iris.commit",
  "pk": 2,
  "fields": {
    "created": "2023-02-09T11:35:26.682Z",
    "modified": "2023-02-09T11:35:26.682Z",
    "notes": "",
    "task": 5,
    "worker": 1
  }
},
{
  "model": "iris.commit",
  "pk": 3,
  "fields": {
    "created": "2023-02-09T11:36:58.785Z",
    "modified": "2023-02-09T11:36:58.785Z",
    "notes": "",
    "task": 1,
    "worker": 1
  }
},
{
  "model": "iris.commit",
  "pk": 4,
  "fields": {
    "created": "2023-02-09T11:37:02.982Z",
    "modified": "2023-02-09T11:37:02.982Z",
    "notes": "",
    "task": 7,
    "worker": 1
  }
},
{
  "model": "iris.commit",
  "pk": 5,
  "fields": {
    "created": "2023-02-09T11:37:22.647Z",
    "modified": "2023-02-09T11:37:22.647Z",
    "notes": "beta 3 commit note",
    "task": 8,
    "worker": 1
  }
},
{
  "model": "iris.commit",
  "pk": 6,
  "fields": {
    "created": "2023-02-09T11:37:48.400Z",
    "modified": "2023-02-09T11:37:48.400Z",
    "notes": "",
    "task": 2,
    "worker": 1
  }
},
{
  "model": "iris.commit",
  "pk": 7,
  "fields": {
    "created": "2023-02-09T11:39:13.501Z",
    "modified": "2023-02-09T11:39:13.501Z",
    "notes": "",
    "task": 11,
    "worker": 1
  }
},
{
  "model": "iris.commit",
  "pk": 8,
  "fields": {
    "created": "2023-02-09T11:39:18.437Z",
    "modified": "2023-02-09T11:39:18.437Z",
    "notes": "",
    "task": 13,
    "worker": 1
  }
},
{
  "model": "iris.commit",
  "pk": 9,
  "fields": {
    "created": "2023-02-09T11:39:50.673Z",
    "modified": "2023-02-09T11:39:50.673Z",
    "notes": "",
    "task": 10,
    "worker": 1
  }
},
{
  "model": "iris.commit",
  "pk": 10,
  "fields": {
    "created": "2023-02-09T11:40:01.398Z",
    "modified": "2023-02-09T11:40:01.398Z",
    "notes": "zeta commit note",
    "task": 12,
    "worker": 1
  }
},
{
  "model": "iris.commit",
  "pk": 11,
  "fields": {
    "created": "2023-02-09T11:42:06.153Z",
    "modified": "2023-02-09T11:42:06.153Z",
    "notes": "",
    "task": 19,
    "worker": 1
  }
},
{
  "model": "iris.commit",
  "pk": 12,
  "fields": {
    "created": "2023-02-09T11:42:12.402Z",
    "modified": "2023-02-09T11:42:12.402Z",
    "notes": "",
    "task": 18,
    "worker": 1
  }
},
{
  "model": "iris.commit",
  "pk": 13,
  "fields": {
    "created": "2023-02-09T11:42:14.628Z",
    "modified": "2023-02-09T11:42:14.628Z",
    "notes": "",
    "task": 20,
    "worker": 1
  }
},
{
  "model": "iris.commit",
  "pk": 14,
  "fields": {
    "created": "2023-02-09T11:42:16.573Z",
    "modified": "2023-02-09T11:42:16.573Z",
    "notes": "",
    "task": 21,
    "worker": 1
  }
},
{
  "model": "iris.commit",
  "pk": 15,
  "fields": {
    "created": "2023-02-09T11:42:20.045Z",
    "modified": "2023-02-09T11:42:20.045Z",
    "notes": "",
    "task": 22,
    "worker": 1
  }
},
{
  "model": "iris.commit",
  "pk": 16,
  "fields": {
    "created": "2023-02-09T11:43:40.764Z",
    "modified": "2023-02-09T11:43:40.764Z",
    "notes": "lamda commit note",
    "task": 23,
    "worker": 1
  }
},
{
  "model": "iris.commit",
  "pk": 17,
  "fields": {
    "created": "2023-02-09T11:43:56.417Z",
    "modified": "2023-02-09T11:43:56.417Z",
    "notes": "lamda commit note",
    "task": 24,
    "worker": 1
  }
},
{
  "model": "iris.commit",
  "pk": 18,
  "fields": {
    "created": "2023-02-09T11:44:07.068Z",
    "modified": "2023-02-09T11:44:07.068Z",
    "notes": "lamda commit note",
    "task": 25,
    "worker": 1
  }
},
{
  "model": "iris.commit",
  "pk": 19,
  "fields": {
    "created": "2023-02-09T11:44:11.007Z",
    "modified": "2023-02-09T11:44:11.007Z",
    "notes": "lamda commit note",
    "task": 26,
    "worker": 1
  }
},
{
  "model": "iris.commit",
  "pk": 20,
  "fields": {
    "created": "2023-02-09T11:44:24.581Z",
    "modified": "2023-02-09T11:44:24.581Z",
    "notes": "lamda final commit note",
    "task": 27,
    "worker": 1
  }
},
{
  "model": "iris.station",
  "pk": 1,
  "fields": {
    "name": "a"
  }
},
{
  "model": "iris.station",
  "pk": 2,
  "fields": {
    "name": "b"
  }
},
{
  "model": "iris.station",
  "pk": 3,
  "fields": {
    "name": "c"
  }
},
{
  "model": "iris.station",
  "pk": 4,
  "fields": {
    "name": "d"
  }
},
{
  "model": "iris.delay",
  "pk": 1,
  "fields": {
    "created": "2023-02-09T11:36:15.517Z",
    "modified": "2023-02-09T11:36:15.517Z",
    "notes": "",
    "task": 4,
    "worker": 1,
    "duration": "1000 00:00:00"
  }
},
{
  "model": "iris.delay",
  "pk": 2,
  "fields": {
    "created": "2023-02-09T11:41:08.558Z",
    "modified": "2023-02-09T11:41:08.558Z",
    "notes": "zeta delay note",
    "task": 17,
    "worker": 1,
    "duration": "1000 00:00:00"
  }
},
{
  "model": "iris.suspension",
  "pk": 1,
  "fields": {
    "created": "2023-02-09T11:37:58.519Z",
    "modified": "2023-02-09T11:37:58.519Z",
    "notes": "",
    "task": 9,
    "worker": 1,
    "lifted_at": null
  }
},
{
  "model": "iris.suspension",
  "pk": 2,
  "fields": {
    "created": "2023-02-09T11:40:35.170Z",
    "modified": "2023-02-09T11:40:35.170Z",
    "notes": "zeta suspension note",
    "task": 16,
    "worker": 1,
    "lifted_at": null
  }
},
{
  "model": "auth.user",
  "fields": {
    "password": "pbkdf2_sha256$390000$AqwBVrq3NZxtvmpwhTx8TN$gve4YHbfGvZNgREAgVYbJXd5XYhHP5vipt55b9QOWzc=",
    "last_login": "2023-02-08T14:35:25.988Z",
    "is_superuser": true,
    "username": "admin",
    "first_name": "",
    "last_name": "",
    "email": "",
    "is_staff": true,
    "is_active": true,
    "date_joined": "2022-11-28T16:05:21.368Z",
    "groups": [],
    "user_permissions": []
  }
},
{
  "model": "auth.user",
  "fields": {
    "password": "pbkdf2_sha256$390000$Gh101Gjhnw1FSrTx61JuVo$Y56B/ueoUQAO7IetDXDBEZhdjcddrUpJhboRSIIzatI=",
    "last_login": "2023-02-09T11:23:13.515Z",
    "is_superuser": false,
    "username": "worker",
    "first_name": "",
    "last_name": "",
    "email": "",
    "is_staff": false,
    "is_active": true,
    "date_joined": "2023-02-08T14:36:07Z",
    "groups": [
      [
        "workers"
      ]
    ],
    "user_permissions": []
  }
},
{
  "model": "auth.user",
  "fields": {
    "password": "pbkdf2_sha256$390000$8s0Ohag5u3UAHafbuNQ16b$55xT65ReJMGJwHR+1ZEKo1zFyo6ft1IC7TL38peO0e8=",
    "last_login": "2023-02-09T11:23:07.816Z",
    "is_superuser": false,
    "username": "manager",
    "first_name": "",
    "last_name": "",
    "email": "",
    "is_staff": false,
    "is_active": true,
    "date_joined": "2023-02-08T14:36:27Z",
    "groups": [
      [
        "managers"
      ]
    ],
    "user_permissions": []
  }
},
{
  "model": "auth.user",
  "fields": {
    "password": "pbkdf2_sha256$390000$NGCbTsVfz6v9VkocT9BkqZ$VYuIoE8ONuhXyH6AU7f4yXUtTzTeV+B4JRY8RRCJw1c=",
    "last_login": null,
    "is_superuser": false,
    "username": "worker_alt",
    "first_name": "",
    "last_name": "",
    "email": "",
    "is_staff": false,
    "is_active": true,
    "date_joined": "2023-02-09T11:54:51.043Z",
    "groups": [],
    "user_permissions": []
  }
},
{
  "model": "iris.worker",
  "pk": 1,
  "fields": {
    "user": [
      "worker"
    ]
  }
},
{
  "model": "iris.worker",
  "pk": 2,
  "fields": {
    "user": [
      "worker_alt"
    ]
  }
}
]
