[
{
  "model": "auth.user",
  "fields": {
    "password": "pbkdf2_sha256$600000$DHUlzOWY7DnmhEoWoCTD76$IpcktOIwaRpXW/OkJJiW9yTT3jT60wFvHuYzZ5JUQNw=",
    "last_login": "2023-05-26T18:38:41.628Z",
    "is_superuser": true,
    "username": "admin",
    "first_name": "",
    "last_name": "",
    "email": "",
    "is_staff": true,
    "is_active": true,
    "date_joined": "2023-05-26T18:37:41.445Z",
    "groups": [],
    "user_permissions": []
  }
},
{
  "model": "auth.user",
  "fields": {
    "password": "pbkdf2_sha256$600000$ZImIgKzApEqkxAbmWfieiV$WOG+GbE3SetvGSfmGWNpsC3lbi2++1O8o1aGsxfHAqM=",
    "last_login": null,
    "is_superuser": false,
    "username": "manager",
    "first_name": "",
    "last_name": "",
    "email": "",
    "is_staff": true,
    "is_active": true,
    "date_joined": "2023-05-26T18:43:35Z",
    "groups": [
      [
        "managers"
      ]
    ],
    "user_permissions": []
  }
},
{
  "model": "auth.user",
  "fields": {
    "password": "pbkdf2_sha256$600000$2KiJx3sgVQiyuNxPK3xIsU$kjrY31YPyanIC4jc30Omk2LwgeLke9W6uldSXEdliyw=",
    "last_login": null,
    "is_superuser": false,
    "username": "worker1",
    "first_name": "",
    "last_name": "",
    "email": "",
    "is_staff": false,
    "is_active": true,
    "date_joined": "2023-05-26T18:43:57Z",
    "groups": [
      [
        "workers"
      ]
    ],
    "user_permissions": []
  }
},
{
  "model": "auth.user",
  "fields": {
    "password": "pbkdf2_sha256$600000$IHQ4tCZ0z4G59E5FLU8gmB$l2hlKmaDzhskn91SMpOmDM1Ho7HUPSfBrPvAiybI5MY=",
    "last_login": null,
    "is_superuser": false,
    "username": "worker2",
    "first_name": "",
    "last_name": "",
    "email": "",
    "is_staff": false,
    "is_active": true,
    "date_joined": "2023-05-26T18:44:10Z",
    "groups": [
      [
        "workers"
      ]
    ],
    "user_permissions": []
  }
},
{
  "model": "auth.user",
  "fields": {
    "password": "pbkdf2_sha256$600000$htOcPJGyQhKyzjZvsB7Cp9$9N9/Z4ScmEGC0+aYXn2C4D505ODo9OxFxrOHzMGPJUs=",
    "last_login": null,
    "is_superuser": false,
    "username": "worker3",
    "first_name": "",
    "last_name": "",
    "email": "",
    "is_staff": false,
    "is_active": true,
    "date_joined": "2023-05-26T18:44:24Z",
    "groups": [
      [
        "workers"
      ]
    ],
    "user_permissions": []
  }
},
{
  "model": "iris.item",
  "pk": 1,
  "fields": {
    "created": "2023-05-26T18:56:29.261Z",
    "modified": "2023-05-26T18:56:29.261Z",
    "cancel_time": null,
    "cancel_reason": "",
    "notes": "",
    "process": 1,
    "description": "alpha desc",
    "quantity": 1,
    "has_priority": false
  }
},
{
  "model": "iris.item",
  "pk": 2,
  "fields": {
    "created": "2023-05-26T18:56:30.845Z",
    "modified": "2023-05-26T18:56:30.845Z",
    "cancel_time": null,
    "cancel_reason": "",
    "notes": "",
    "process": 1,
    "description": "beta desc",
    "quantity": 1,
    "has_priority": false
  }
},
{
  "model": "iris.item",
  "pk": 3,
  "fields": {
    "created": "2023-05-26T18:56:32.063Z",
    "modified": "2023-05-26T18:56:32.063Z",
    "cancel_time": null,
    "cancel_reason": "",
    "notes": "",
    "process": 1,
    "description": "gamma desc",
    "quantity": 1,
    "has_priority": false
  }
},
{
  "model": "iris.item",
  "pk": 4,
  "fields": {
    "created": "2023-05-26T18:56:33.328Z",
    "modified": "2023-05-26T18:56:33.328Z",
    "cancel_time": null,
    "cancel_reason": "",
    "notes": "",
    "process": 2,
    "description": "omega desc",
    "quantity": 1,
    "has_priority": false
  }
},
{
  "model": "iris.item",
  "pk": 5,
  "fields": {
    "created": "2023-05-26T18:56:34.426Z",
    "modified": "2023-05-26T18:56:34.426Z",
    "cancel_time": null,
    "cancel_reason": "",
    "notes": "",
    "process": 2,
    "description": "zeta desc",
    "quantity": 1,
    "has_priority": false
  }
},
{
  "model": "iris.item",
  "pk": 6,
  "fields": {
    "created": "2023-05-26T18:56:36.957Z",
    "modified": "2023-05-26T18:56:36.957Z",
    "cancel_time": null,
    "cancel_reason": "",
    "notes": "",
    "process": 2,
    "description": "lamda desc",
    "quantity": 1,
    "has_priority": false
  }
},
{
  "model": "iris.process",
  "pk": 1,
  "fields": {
    "name": "A"
  }
},
{
  "model": "iris.process",
  "pk": 2,
  "fields": {
    "name": "B"
  }
},
{
  "model": "iris.step",
  "pk": 1,
  "fields": {
    "name": "1",
    "instructions": "",
    "stations": [
      1
    ]
  }
},
{
  "model": "iris.step",
  "pk": 2,
  "fields": {
    "name": "2",
    "instructions": "",
    "stations": [
      1
    ]
  }
},
{
  "model": "iris.step",
  "pk": 3,
  "fields": {
    "name": "3",
    "instructions": "",
    "stations": [
      1
    ]
  }
},
{
  "model": "iris.step",
  "pk": 4,
  "fields": {
    "name": "4",
    "instructions": "",
    "stations": [
      2
    ]
  }
},
{
  "model": "iris.step",
  "pk": 5,
  "fields": {
    "name": "5",
    "instructions": "",
    "stations": [
      1
    ]
  }
},
{
  "model": "iris.step",
  "pk": 6,
  "fields": {
    "name": "6",
    "instructions": "",
    "stations": [
      1
    ]
  }
},
{
  "model": "iris.step",
  "pk": 7,
  "fields": {
    "name": "7",
    "instructions": "",
    "stations": [
      3
    ]
  }
},
{
  "model": "iris.step",
  "pk": 8,
  "fields": {
    "name": "8",
    "instructions": "",
    "stations": [
      4
    ]
  }
},
{
  "model": "iris.step",
  "pk": 9,
  "fields": {
    "name": "9",
    "instructions": "",
    "stations": [
      1
    ]
  }
},
{
  "model": "iris.task",
  "pk": 1,
  "fields": {
    "created": "2023-05-26T19:13:05.590Z",
    "modified": "2023-05-26T19:13:05.590Z",
    "step_transition": 1,
    "item": 1
  }
},
{
  "model": "iris.task",
  "pk": 2,
  "fields": {
    "created": "2023-05-26T19:13:05.591Z",
    "modified": "2023-05-26T19:13:05.591Z",
    "step_transition": 2,
    "item": 1
  }
},
{
  "model": "iris.task",
  "pk": 3,
  "fields": {
    "created": "2023-05-26T19:13:23.458Z",
    "modified": "2023-05-26T19:13:23.458Z",
    "step_transition": 1,
    "item": 3
  }
},
{
  "model": "iris.task",
  "pk": 4,
  "fields": {
    "created": "2023-05-26T19:13:23.459Z",
    "modified": "2023-05-26T19:13:23.459Z",
    "step_transition": 2,
    "item": 3
  }
},
{
  "model": "iris.task",
  "pk": 5,
  "fields": {
    "created": "2023-05-26T19:13:23.462Z",
    "modified": "2023-05-26T19:13:23.462Z",
    "step_transition": 1,
    "item": 2
  }
},
{
  "model": "iris.task",
  "pk": 6,
  "fields": {
    "created": "2023-05-26T19:13:23.462Z",
    "modified": "2023-05-26T19:13:23.462Z",
    "step_transition": 2,
    "item": 2
  }
},
{
  "model": "iris.task",
  "pk": 7,
  "fields": {
    "created": "2023-05-26T19:14:48.506Z",
    "modified": "2023-05-26T19:14:48.506Z",
    "step_transition": 7,
    "item": 4
  }
},
{
  "model": "iris.task",
  "pk": 8,
  "fields": {
    "created": "2023-05-26T19:14:48.507Z",
    "modified": "2023-05-26T19:14:48.507Z",
    "step_transition": 8,
    "item": 4
  }
},
{
  "model": "iris.task",
  "pk": 9,
  "fields": {
    "created": "2023-05-26T19:15:02.859Z",
    "modified": "2023-05-26T19:15:02.859Z",
    "step_transition": 7,
    "item": 6
  }
},
{
  "model": "iris.task",
  "pk": 10,
  "fields": {
    "created": "2023-05-26T19:15:02.860Z",
    "modified": "2023-05-26T19:15:02.860Z",
    "step_transition": 8,
    "item": 6
  }
},
{
  "model": "iris.task",
  "pk": 11,
  "fields": {
    "created": "2023-05-26T19:15:02.863Z",
    "modified": "2023-05-26T19:15:02.863Z",
    "step_transition": 7,
    "item": 5
  }
},
{
  "model": "iris.task",
  "pk": 12,
  "fields": {
    "created": "2023-05-26T19:15:02.863Z",
    "modified": "2023-05-26T19:15:02.863Z",
    "step_transition": 8,
    "item": 5
  }
},
{
  "model": "iris.task",
  "pk": 13,
  "fields": {
    "created": "2023-05-26T19:42:00.217Z",
    "modified": "2023-05-26T19:42:00.217Z",
    "step_transition": 4,
    "item": 1
  }
},
{
  "model": "iris.task",
  "pk": 14,
  "fields": {
    "created": "2023-05-26T19:42:30.338Z",
    "modified": "2023-05-26T19:42:30.338Z",
    "step_transition": 5,
    "item": 1
  }
},
{
  "model": "iris.task",
  "pk": 15,
  "fields": {
    "created": "2023-05-26T19:43:22.967Z",
    "modified": "2023-05-26T19:43:22.967Z",
    "step_transition": 4,
    "item": 2
  }
},
{
  "model": "iris.task",
  "pk": 16,
  "fields": {
    "created": "2023-05-26T19:43:31.283Z",
    "modified": "2023-05-26T19:43:31.283Z",
    "step_transition": 5,
    "item": 2
  }
},
{
  "model": "iris.task",
  "pk": 17,
  "fields": {
    "created": "2023-05-26T19:44:20.879Z",
    "modified": "2023-05-26T19:44:20.879Z",
    "step_transition": 6,
    "item": 2
  }
},
{
  "model": "iris.task",
  "pk": 18,
  "fields": {
    "created": "2023-05-26T19:44:56.176Z",
    "modified": "2023-05-26T19:44:56.176Z",
    "step_transition": 4,
    "item": 3
  }
},
{
  "model": "iris.task",
  "pk": 19,
  "fields": {
    "created": "2023-05-26T19:45:03.942Z",
    "modified": "2023-05-26T19:45:03.942Z",
    "step_transition": 5,
    "item": 3
  }
},
{
  "model": "iris.task",
  "pk": 20,
  "fields": {
    "created": "2023-05-26T19:45:26.307Z",
    "modified": "2023-05-26T19:45:26.307Z",
    "step_transition": 6,
    "item": 3
  }
},
{
  "model": "iris.task",
  "pk": 21,
  "fields": {
    "created": "2023-05-26T19:46:46.825Z",
    "modified": "2023-05-26T19:46:46.825Z",
    "step_transition": 9,
    "item": 6
  }
},
{
  "model": "iris.task",
  "pk": 22,
  "fields": {
    "created": "2023-05-26T19:46:46.830Z",
    "modified": "2023-05-26T19:46:46.830Z",
    "step_transition": 10,
    "item": 6
  }
},
{
  "model": "iris.task",
  "pk": 23,
  "fields": {
    "created": "2023-05-26T19:46:56.007Z",
    "modified": "2023-05-26T19:46:56.007Z",
    "step_transition": 9,
    "item": 4
  }
},
{
  "model": "iris.task",
  "pk": 24,
  "fields": {
    "created": "2023-05-26T19:46:56.013Z",
    "modified": "2023-05-26T19:46:56.013Z",
    "step_transition": 10,
    "item": 4
  }
},
{
  "model": "iris.task",
  "pk": 25,
  "fields": {
    "created": "2023-05-26T19:46:57.990Z",
    "modified": "2023-05-26T19:46:57.990Z",
    "step_transition": 9,
    "item": 5
  }
},
{
  "model": "iris.task",
  "pk": 26,
  "fields": {
    "created": "2023-05-26T19:46:57.996Z",
    "modified": "2023-05-26T19:46:57.996Z",
    "step_transition": 10,
    "item": 5
  }
},
{
  "model": "iris.task",
  "pk": 27,
  "fields": {
    "created": "2023-05-26T19:49:37.578Z",
    "modified": "2023-05-26T19:49:37.578Z",
    "step_transition": 11,
    "item": 6
  }
},
{
  "model": "iris.steptransition",
  "pk": 1,
  "fields": {
    "process": 1,
    "creates": 1
  }
},
{
  "model": "iris.steptransition",
  "pk": 2,
  "fields": {
    "process": 1,
    "creates": 4
  }
},
{
  "model": "iris.steptransition",
  "pk": 4,
  "fields": {
    "process": 1,
    "creates": 2
  }
},
{
  "model": "iris.steptransition",
  "pk": 5,
  "fields": {
    "process": 1,
    "creates": 3
  }
},
{
  "model": "iris.steptransition",
  "pk": 6,
  "fields": {
    "process": 1,
    "creates": 5
  }
},
{
  "model": "iris.steptransition",
  "pk": 7,
  "fields": {
    "process": 2,
    "creates": 6
  }
},
{
  "model": "iris.steptransition",
  "pk": 8,
  "fields": {
    "process": 2,
    "creates": 4
  }
},
{
  "model": "iris.steptransition",
  "pk": 9,
  "fields": {
    "process": 2,
    "creates": 7
  }
},
{
  "model": "iris.steptransition",
  "pk": 10,
  "fields": {
    "process": 2,
    "creates": 8
  }
},
{
  "model": "iris.steptransition",
  "pk": 11,
  "fields": {
    "process": 1,
    "creates": 9
  }
},
{
  "model": "iris.steptransitionrequiredsteps",
  "pk": 2,
  "fields": {
    "step_transition": 4,
    "requirement": 1
  }
},
{
  "model": "iris.steptransitionrequiredsteps",
  "pk": 3,
  "fields": {
    "step_transition": 5,
    "requirement": 4
  }
},
{
  "model": "iris.steptransitionrequiredsteps",
  "pk": 4,
  "fields": {
    "step_transition": 6,
    "requirement": 5
  }
},
{
  "model": "iris.steptransitionrequiredsteps",
  "pk": 5,
  "fields": {
    "step_transition": 6,
    "requirement": 2
  }
},
{
  "model": "iris.steptransitionrequiredsteps",
  "pk": 6,
  "fields": {
    "step_transition": 9,
    "requirement": 7
  }
},
{
  "model": "iris.steptransitionrequiredsteps",
  "pk": 7,
  "fields": {
    "step_transition": 10,
    "requirement": 7
  }
},
{
  "model": "iris.steptransitionrequiredsteps",
  "pk": 8,
  "fields": {
    "step_transition": 11,
    "requirement": 9
  }
},
{
  "model": "iris.steptransitionrequiredsteps",
  "pk": 9,
  "fields": {
    "step_transition": 11,
    "requirement": 10
  }
},
{
  "model": "iris.steptransitionrequiredsteps",
  "pk": 10,
  "fields": {
    "step_transition": 11,
    "requirement": 8
  }
},
{
  "model": "iris.worker",
  "pk": 1,
  "fields": {
    "user": [
      "worker1"
    ]
  }
},
{
  "model": "iris.worker",
  "pk": 2,
  "fields": {
    "user": [
      "worker2"
    ]
  }
},
{
  "model": "iris.worker",
  "pk": 3,
  "fields": {
    "user": [
      "worker3"
    ]
  }
},
{
  "model": "iris.commit",
  "pk": 2,
  "fields": {
    "created": "2023-05-26T19:36:41.107Z",
    "modified": "2023-05-26T19:36:41.107Z",
    "notes": "",
    "task": 1,
    "worker": 1
  }
},
{
  "model": "iris.commit",
  "pk": 3,
  "fields": {
    "created": "2023-05-26T19:42:30.329Z",
    "modified": "2023-05-26T19:42:30.329Z",
    "notes": "",
    "task": 13,
    "worker": 1
  }
},
{
  "model": "iris.commit",
  "pk": 4,
  "fields": {
    "created": "2023-05-26T19:43:22.943Z",
    "modified": "2023-05-26T19:43:22.943Z",
    "notes": "",
    "task": 5,
    "worker": 1
  }
},
{
  "model": "iris.commit",
  "pk": 5,
  "fields": {
    "created": "2023-05-26T19:43:31.270Z",
    "modified": "2023-05-26T19:43:31.270Z",
    "notes": "",
    "task": 15,
    "worker": 1
  }
},
{
  "model": "iris.commit",
  "pk": 6,
  "fields": {
    "created": "2023-05-26T19:44:03.389Z",
    "modified": "2023-05-26T19:44:03.389Z",
    "notes": "A3note",
    "task": 16,
    "worker": 1
  }
},
{
  "model": "iris.commit",
  "pk": 7,
  "fields": {
    "created": "2023-05-26T19:44:20.861Z",
    "modified": "2023-05-26T19:44:20.861Z",
    "notes": "",
    "task": 6,
    "worker": 1
  }
},
{
  "model": "iris.commit",
  "pk": 8,
  "fields": {
    "created": "2023-05-26T19:44:56.152Z",
    "modified": "2023-05-26T19:44:56.152Z",
    "notes": "",
    "task": 3,
    "worker": 1
  }
},
{
  "model": "iris.commit",
  "pk": 9,
  "fields": {
    "created": "2023-05-26T19:45:03.920Z",
    "modified": "2023-05-26T19:45:03.920Z",
    "notes": "",
    "task": 18,
    "worker": 1
  }
},
{
  "model": "iris.commit",
  "pk": 10,
  "fields": {
    "created": "2023-05-26T19:45:14.017Z",
    "modified": "2023-05-26T19:45:14.017Z",
    "notes": "",
    "task": 19,
    "worker": 1
  }
},
{
  "model": "iris.commit",
  "pk": 11,
  "fields": {
    "created": "2023-05-26T19:45:26.286Z",
    "modified": "2023-05-26T19:45:26.286Z",
    "notes": "",
    "task": 4,
    "worker": 1
  }
},
{
  "model": "iris.commit",
  "pk": 12,
  "fields": {
    "created": "2023-05-26T19:45:34.852Z",
    "modified": "2023-05-26T19:45:34.852Z",
    "notes": "",
    "task": 20,
    "worker": 1
  }
},
{
  "model": "iris.commit",
  "pk": 13,
  "fields": {
    "created": "2023-05-26T19:46:46.805Z",
    "modified": "2023-05-26T19:46:46.805Z",
    "notes": "B6note",
    "task": 9,
    "worker": 1
  }
},
{
  "model": "iris.commit",
  "pk": 14,
  "fields": {
    "created": "2023-05-26T19:46:55.987Z",
    "modified": "2023-05-26T19:46:55.987Z",
    "notes": "",
    "task": 7,
    "worker": 1
  }
},
{
  "model": "iris.commit",
  "pk": 15,
  "fields": {
    "created": "2023-05-26T19:46:57.977Z",
    "modified": "2023-05-26T19:46:57.977Z",
    "notes": "",
    "task": 11,
    "worker": 1
  }
},
{
  "model": "iris.commit",
  "pk": 16,
  "fields": {
    "created": "2023-05-26T19:47:17.727Z",
    "modified": "2023-05-26T19:47:17.727Z",
    "notes": "",
    "task": 8,
    "worker": 1
  }
},
{
  "model": "iris.commit",
  "pk": 17,
  "fields": {
    "created": "2023-05-26T19:47:35.337Z",
    "modified": "2023-05-26T19:47:35.337Z",
    "notes": "B4note",
    "task": 10,
    "worker": 1
  }
},
{
  "model": "iris.commit",
  "pk": 18,
  "fields": {
    "created": "2023-05-26T19:47:39.190Z",
    "modified": "2023-05-26T19:47:39.190Z",
    "notes": "B4note",
    "task": 12,
    "worker": 1
  }
},
{
  "model": "iris.commit",
  "pk": 19,
  "fields": {
    "created": "2023-05-26T19:48:48.086Z",
    "modified": "2023-05-26T19:48:48.086Z",
    "notes": "B7note",
    "task": 21,
    "worker": 2
  }
},
{
  "model": "iris.commit",
  "pk": 20,
  "fields": {
    "created": "2023-05-26T19:49:13.220Z",
    "modified": "2023-05-26T19:49:13.220Z",
    "notes": "",
    "task": 24,
    "worker": 3
  }
},
{
  "model": "iris.commit",
  "pk": 21,
  "fields": {
    "created": "2023-05-26T19:49:35.009Z",
    "modified": "2023-05-26T19:49:35.009Z",
    "notes": "B4note",
    "task": 26,
    "worker": 3
  }
},
{
  "model": "iris.commit",
  "pk": 22,
  "fields": {
    "created": "2023-05-26T19:49:37.558Z",
    "modified": "2023-05-26T19:49:37.558Z",
    "notes": "B4note",
    "task": 22,
    "worker": 3
  }
},
{
  "model": "iris.commit",
  "pk": 23,
  "fields": {
    "created": "2023-05-26T19:51:02.365Z",
    "modified": "2023-05-26T19:51:02.365Z",
    "notes": "B9note",
    "task": 27,
    "worker": 1
  }
},
{
  "model": "iris.station",
  "pk": 1,
  "fields": {
    "name": "a"
  }
},
{
  "model": "iris.station",
  "pk": 2,
  "fields": {
    "name": "b"
  }
},
{
  "model": "iris.station",
  "pk": 3,
  "fields": {
    "name": "c"
  }
},
{
  "model": "iris.station",
  "pk": 4,
  "fields": {
    "name": "d"
  }
},
{
  "model": "iris.delay",
  "pk": 1,
  "fields": {
    "created": "2023-05-26T19:43:00.339Z",
    "modified": "2023-05-26T19:43:00.339Z",
    "notes": "",
    "task": 2,
    "worker": 1,
    "duration": "1000 00:00:00"
  }
},
{
  "model": "iris.suspension",
  "pk": 1,
  "fields": {
    "created": "2023-05-26T19:44:43.520Z",
    "modified": "2023-05-26T19:44:43.520Z",
    "notes": "",
    "task": 17,
    "worker": 1,
    "lifted_at": null
  }
},
{
  "model": "iris.suspension",
  "pk": 2,
  "fields": {
    "created": "2023-05-26T19:48:22.852Z",
    "modified": "2023-05-26T19:48:22.852Z",
    "notes": "B7note",
    "task": 25,
    "worker": 2,
    "lifted_at": null
  }
}
]
